-- MySQL dump 10.13  Distrib 8.0.36, for Win64 (x86_64)
--
-- Host: 127.0.0.1    Database: mydb
-- ------------------------------------------------------
-- Server version	8.3.0

/*!40101 SET @OLD_CHARACTER_SET_CLIENT=@@CHARACTER_SET_CLIENT */;
/*!40101 SET @OLD_CHARACTER_SET_RESULTS=@@CHARACTER_SET_RESULTS */;
/*!40101 SET @OLD_COLLATION_CONNECTION=@@COLLATION_CONNECTION */;
/*!50503 SET NAMES utf8 */;
/*!40103 SET @OLD_TIME_ZONE=@@TIME_ZONE */;
/*!40103 SET TIME_ZONE='+00:00' */;
/*!40014 SET @OLD_UNIQUE_CHECKS=@@UNIQUE_CHECKS, UNIQUE_CHECKS=0 */;
/*!40014 SET @OLD_FOREIGN_KEY_CHECKS=@@FOREIGN_KEY_CHECKS, FOREIGN_KEY_CHECKS=0 */;
/*!40101 SET @OLD_SQL_MODE=@@SQL_MODE, SQL_MODE='NO_AUTO_VALUE_ON_ZERO' */;
/*!40111 SET @OLD_SQL_NOTES=@@SQL_NOTES, SQL_NOTES=0 */;

--
-- Table structure for table `ExpresionGenica`
--

DROP TABLE IF EXISTS `ExpresionGenica`;
/*!40101 SET @saved_cs_client     = @@character_set_client */;
/*!50503 SET character_set_client = utf8mb4 */;
CREATE TABLE `ExpresionGenica` (
  `Genes_id_gen` int NOT NULL,
  `Muestras_id_muestras` int NOT NULL,
  `nivel_expresion` float DEFAULT NULL,
  PRIMARY KEY (`Genes_id_gen`,`Muestras_id_muestras`),
  KEY `fk_Genes_has_Muestras_Muestras1_idx` (`Muestras_id_muestras`),
  KEY `fk_Genes_has_Muestras_Genes_idx` (`Genes_id_gen`),
  CONSTRAINT `fk_Genes_has_Muestras_Genes` FOREIGN KEY (`Genes_id_gen`) REFERENCES `Genes` (`id_gen`),
  CONSTRAINT `fk_Genes_has_Muestras_Muestras1` FOREIGN KEY (`Muestras_id_muestras`) REFERENCES `Muestras` (`id_muestras`)
) ENGINE=InnoDB DEFAULT CHARSET=utf8mb3;
/*!40101 SET character_set_client = @saved_cs_client */;

--
-- Dumping data for table `ExpresionGenica`
--

LOCK TABLES `ExpresionGenica` WRITE;
/*!40000 ALTER TABLE `ExpresionGenica` DISABLE KEYS */;
INSERT INTO `ExpresionGenica` VALUES (1,10,0.95),(1,59,1.12),(1,83,0.98),(1,101,0.6),(1,102,1.06),(1,103,1.67),(1,104,1.05),(1,105,1.12),(1,106,0.98),(1,182,1.05),(1,183,1.08),(1,184,1.12),(1,185,1.15),(2,15,1.03),(2,41,0.97),(2,75,1.05),(2,101,0.86),(2,102,1.12),(2,103,1.42),(2,107,1.08),(2,108,1.2),(2,109,1.15),(3,25,0.92),(3,54,1.08),(3,87,1.01),(3,101,0.99),(3,102,1.06),(3,103,1.05),(3,110,0.95),(3,111,1.02),(3,112,1.1),(4,30,1.1),(4,66,0.95),(4,92,1.03),(4,101,1.2),(4,102,0.8),(4,103,1.01),(4,113,1.18),(4,114,1.05),(4,115,1.22),(5,35,1.02),(5,71,1.08),(5,98,0.99),(5,101,0.6),(5,102,1.06),(5,103,1.67),(5,116,0.98),(5,117,1.1),(5,118,1.15),(6,45,1.1),(6,80,0.97),(6,97,1.05),(6,101,1.2),(6,102,1.06),(6,103,1.07),(6,119,1.05),(6,120,1.08),(6,121,1.12),(7,50,1.02),(7,76,1.03),(7,100,0.98),(7,101,1.01),(7,102,1.06),(7,103,1.04),(7,122,1.2),(7,123,1.25),(7,124,1.28),(8,55,0.95),(8,81,1.07),(8,94,1.01),(8,101,1.2),(8,102,1.06),(8,103,1.07),(8,125,1.35),(8,126,1.4),(8,127,1.45),(9,60,1.04),(9,86,0.99),(9,99,1.02),(9,101,1.16),(9,102,1.1),(9,103,1.17),(9,128,1.25),(9,129,1.3),(9,130,1.22),(10,65,1.06),(10,90,0.98),(10,91,1.01),(10,131,1.18),(10,132,1.15),(10,133,1.2),(11,21,1.02),(11,52,0.98),(11,90,1.01),(11,101,0.6),(11,102,1.06),(11,103,1.67),(11,134,1.28),(11,135,1.32),(11,136,1.35),(12,32,0.99),(12,63,1.05),(12,94,1.03),(12,101,0.86),(12,102,1.12),(12,103,1.42),(12,137,1.38),(12,138,1.42),(12,139,1.45),(13,41,1.01),(13,74,1.04),(13,99,1.02),(13,101,0.99),(13,102,1.06),(13,103,1.05),(13,140,1.48),(13,141,1.5),(13,142,1.55),(14,51,1.03),(14,82,1.06),(14,100,0.97),(14,101,1.2),(14,102,0.8),(14,103,1.01),(14,143,1.58),(14,144,1.6),(14,145,1.62),(15,60,1.01),(15,83,0.98),(15,92,1.04),(15,101,0.6),(15,102,1.06),(15,103,1.67),(15,146,1.65),(15,147,1.68),(15,148,1.7),(16,71,1.02),(16,84,1.03),(16,93,0.99),(16,101,1.2),(16,102,1.06),(16,103,1.07),(16,149,1.72),(16,150,1.75),(16,151,1.78),(17,42,1),(17,73,1.05),(17,96,1.01),(17,101,1.01),(17,102,1.06),(17,103,1.04),(17,152,1.8),(17,153,1.82),(17,154,1.85),(18,31,1.03),(18,62,0.98),(18,87,1.06),(18,101,1.2),(18,102,1.06),(18,103,1.07),(18,155,1.88),(18,156,1.9),(18,157,1.92),(19,40,1.02),(19,72,1.04),(19,99,0.97),(19,101,1.16),(19,102,1.1),(19,103,1.17),(19,158,1.95),(19,159,1.98),(19,160,2),(20,51,1.01),(20,80,1.03),(20,91,1.05),(20,161,2.02),(20,162,2.05),(20,163,2.08),(21,30,1.02),(21,61,1.01),(21,88,0.99),(21,164,2.1),(21,165,2.12),(21,166,2.15),(22,45,0.98),(22,67,1.05),(22,95,1.03),(22,167,2.18),(22,168,2.2),(22,169,2.22),(22,234,1.05),(22,235,1.08),(22,236,1.12),(22,237,1.15),(22,238,1.18),(22,239,1.2),(22,240,1.22),(22,241,1.25),(22,242,1.28),(22,243,1.3),(22,244,1.32),(22,245,1.35),(22,246,1.38),(22,247,1.4),(23,35,1),(23,74,1.02),(23,96,1.04),(23,170,2.25),(23,171,2.28),(23,172,2.3),(24,50,1.03),(24,82,1.01),(24,97,1.06),(24,173,2.32),(24,174,2.35),(24,175,2.38),(25,41,0.99),(25,83,1.02),(25,98,1.03),(25,176,2.4),(25,177,2.42),(25,178,2.45),(26,55,1.01),(26,76,1.05),(26,99,0.98),(26,179,2.48),(26,180,2.5),(26,181,2.52),(27,65,1.03),(27,87,1.02),(27,100,1.04),(28,70,1),(28,91,1.03),(28,92,1.01),(29,75,1.02),(29,89,1.04),(29,90,1.01),(30,80,1.03),(30,93,1),(30,94,1.05),(31,30,1.02),(31,61,1.01),(31,88,0.99),(32,45,0.98),(32,67,1.05),(32,95,1.03),(33,35,1),(33,74,1.02),(33,96,1.04),(34,50,1.03),(34,82,1.01),(34,97,1.06),(35,41,0.99),(35,83,1.02),(35,98,1.03),(36,55,1.01),(36,76,1.05),(36,99,0.98),(37,65,1.03),(37,87,1.02),(37,100,1.04),(38,70,1),(38,91,1.03),(38,92,1.01),(39,75,1.02),(39,89,1.04),(39,90,1.01),(40,80,1.03),(40,93,1),(40,94,1.05),(41,32,1.02),(41,62,1.01),(41,89,0.99),(42,46,0.98),(42,68,1.05),(42,96,1.03),(43,36,1),(43,75,1.02),(43,97,1.04),(44,51,1.03),(44,83,1.01),(44,98,1.06),(45,42,0.99),(45,84,1.02),(45,99,1.03),(46,56,1.01),(46,77,1.05),(46,100,0.98),(47,66,1.03),(47,88,1.02),(47,91,1.04),(48,71,1),(48,93,1.01),(48,95,1.03),(49,76,1.02),(49,90,1.04),(49,92,1.01),(50,81,1.03),(50,94,1),(50,96,1.05),(51,33,1.02),(51,63,1.01),(51,90,0.99),(52,47,0.98),(52,69,1.05),(52,97,1.03),(53,37,1),(53,76,1.02),(53,98,1.04),(54,52,1.03),(54,84,1.01),(54,99,1.06),(55,43,0.99),(55,85,1.02),(55,100,1.03),(56,57,1.01),(56,78,1.05),(56,91,0.98),(57,67,1.03),(57,89,1.02),(57,92,1.04),(58,72,1),(58,94,1.01),(58,96,1.03),(59,77,1.02),(59,91,1.04),(59,93,1.01),(60,82,1.03),(60,95,1),(60,97,1.05),(61,34,1.02),(61,64,1.01),(61,91,0.99),(62,48,0.98),(62,70,1.05),(62,98,1.03),(63,38,1),(63,77,1.02),(63,99,1.04),(64,53,1.03),(64,85,1.01),(64,100,1.06),(65,44,0.99),(65,86,1.02),(65,91,1.03),(66,58,1.01),(66,79,1.05),(66,92,0.98),(67,68,1.03),(67,90,1.02),(67,93,1.04),(68,73,1),(68,94,1.01),(68,96,1.03),(69,78,1.02),(69,91,1.04),(69,93,1.01),(70,83,1.03),(70,95,1),(70,97,1.05),(71,35,0.92),(71,65,1.05),(71,92,1.12),(72,49,1.08),(72,71,0.96),(72,99,1.03),(73,39,1.02),(73,78,1.09),(73,100,0.88),(74,54,1.11),(74,86,0.97),(74,91,1.04),(75,45,1.05),(75,87,0.93),(75,92,1.08),(76,59,0.98),(76,80,1.12),(76,93,0.91),(77,69,1.07),(77,89,0.95),(77,94,1.01),(78,74,1.03),(78,91,1.1),(78,95,0.92),(79,79,0.99),(79,90,1.08),(79,96,0.94),(80,84,1.06),(80,92,0.97),(80,97,1.03),(81,36,1.04),(81,66,0.91),(81,93,1.07),(82,50,1.08),(82,72,0.97),(82,100,1.02),(83,40,1.01),(83,79,1.09),(83,91,0.95),(84,55,1.11),(84,87,0.98),(84,92,1.03),(85,46,1.06),(85,88,0.92),(85,93,1.08),(86,60,0.99),(86,81,1.12),(86,94,0.93),(87,70,1.07),(87,90,0.96),(87,95,1.01),(88,75,1.02),(88,91,1.1),(88,96,0.94),(89,80,0.98),(89,92,1.08),(89,97,0.97),(90,85,1.05),(90,93,0.99),(90,98,1.04),(91,37,1.03),(91,67,1.02),(91,94,1.01),(92,51,1.05),(92,73,1),(92,95,1.04),(93,41,1.06),(93,82,0.99),(93,96,1.03),(94,56,1.02),(94,83,1.08),(94,97,0.97),(95,47,0.98),(95,84,1.09),(95,98,1.02),(96,61,1.01),(96,85,1.07),(96,99,1.05),(97,71,1.03),(97,86,0.96),(97,100,1.04),(98,76,1.08),(98,91,0.94),(98,92,1.02),(99,81,1.07),(99,93,1.01),(99,94,1.03),(100,86,0.99),(100,95,1.06),(100,96,1.02);
/*!40000 ALTER TABLE `ExpresionGenica` ENABLE KEYS */;
UNLOCK TABLES;

--
-- Table structure for table `Genes`
--

DROP TABLE IF EXISTS `Genes`;
/*!40101 SET @saved_cs_client     = @@character_set_client */;
/*!50503 SET character_set_client = utf8mb4 */;
CREATE TABLE `Genes` (
  `id_gen` int NOT NULL,
  `gen_symbol` varchar(50) NOT NULL,
  PRIMARY KEY (`id_gen`)
) ENGINE=InnoDB DEFAULT CHARSET=utf8mb3;
/*!40101 SET character_set_client = @saved_cs_client */;

--
-- Dumping data for table `Genes`
--

LOCK TABLES `Genes` WRITE;
/*!40000 ALTER TABLE `Genes` DISABLE KEYS */;
INSERT INTO `Genes` VALUES (1,'BRCA1'),(2,'TP53'),(3,'EGFR'),(4,'KRAS'),(5,'BRAF'),(6,'ALK'),(7,'PTEN'),(8,'HER2'),(9,'ERBB2'),(10,'PIK3CA'),(11,'EGFR'),(12,'ALK'),(13,'PTEN'),(14,'KIT'),(15,'KRAS'),(16,'BRAF'),(17,'BRCA2'),(18,'CDK4'),(19,'MET'),(20,'NRAS'),(21,'ERBB3'),(22,'RET'),(23,'PTCH1'),(24,'ALK'),(25,'KIT'),(26,'KRAS'),(27,'BRAF'),(28,'BRCA2'),(29,'CDK4'),(30,'MET'),(31,'NRAS'),(32,'ERBB3'),(33,'RET'),(34,'PTCH1'),(35,'ALK'),(36,'KIT'),(37,'KRAS'),(38,'BRAF'),(39,'BRCA2'),(40,'CDK4'),(41,'MET'),(42,'NRAS'),(43,'ERBB3'),(44,'RET'),(45,'PTCH1'),(46,'ALK'),(47,'KIT'),(48,'KRAS'),(49,'BRAF'),(50,'BRCA2'),(51,'CDK4'),(52,'MET'),(53,'NRAS'),(54,'ERBB3'),(55,'RET'),(56,'PTCH1'),(57,'ALK'),(58,'KIT'),(59,'KRAS'),(60,'BRAF'),(61,'BRCA2'),(62,'CDK4'),(63,'MET'),(64,'NRAS'),(65,'ERBB3'),(66,'RET'),(67,'PTCH1'),(68,'ALK'),(69,'KIT'),(70,'KRAS'),(71,'BRAF'),(72,'BRCA2'),(73,'CDK4'),(74,'MET'),(75,'NRAS'),(76,'ERBB3'),(77,'RET'),(78,'PTCH1'),(79,'ALK'),(80,'KIT'),(81,'KRAS'),(82,'BRAF'),(83,'BRCA2'),(84,'CDK4'),(85,'MET'),(86,'NRAS'),(87,'ERBB3'),(88,'RET'),(89,'PTCH1'),(90,'ALK'),(91,'KIT'),(92,'KRAS'),(93,'BRAF'),(94,'BRCA2'),(95,'CDK4'),(96,'MET'),(97,'NRAS'),(98,'ERBB3'),(99,'RET'),(100,'PTCH1'),(101,'ALMS1'),(102,'ANAPC13'),(103,'ARHGAP9'),(104,'AZGP1'),(105,'CAMP'),(106,'CHRNB1'),(107,'CPNE3'),(108,'CTTNBP2NL'),(109,'EDN1'),(110,'EPOR'),(111,'GRB10'),(112,'HLTF'),(113,'INPP1'),(114,'LSM4'),(115,'MAPK8'),(116,'P4HB'),(117,'RABEPK'),(118,'RARRES3'),(119,'REC8'),(120,'UTP20'),(121,'CLNS1A'),(122,'FCGR3A'),(123,'POSTN'),(124,'SAA1'),(125,'SLC37A1'),(126,'TFF1');
/*!40000 ALTER TABLE `Genes` ENABLE KEYS */;
UNLOCK TABLES;

--
-- Table structure for table `GenesInteres`
--

DROP TABLE IF EXISTS `GenesInteres`;
/*!40101 SET @saved_cs_client     = @@character_set_client */;
/*!50503 SET character_set_client = utf8mb4 */;
CREATE TABLE `GenesInteres` (
  `Genes_id_gen` int NOT NULL,
  `description` varchar(200) DEFAULT NULL,
  `cromosoma` int DEFAULT NULL,
  PRIMARY KEY (`Genes_id_gen`),
  KEY `fk_table1_Genes1_idx` (`Genes_id_gen`),
  CONSTRAINT `fk_table1_Genes1` FOREIGN KEY (`Genes_id_gen`) REFERENCES `Genes` (`id_gen`)
) ENGINE=InnoDB DEFAULT CHARSET=utf8mb3;
/*!40101 SET character_set_client = @saved_cs_client */;

--
-- Dumping data for table `GenesInteres`
--

LOCK TABLES `GenesInteres` WRITE;
/*!40000 ALTER TABLE `GenesInteres` DISABLE KEYS */;
INSERT INTO `GenesInteres` VALUES (1,'cáncer de seno 1',17),(2,'Anaphase promoting complex subunit 13',11),(3,'Rho GTPase activating protein 9',10),(4,'Alpha-2-glycoprotein 1, zinc-binding',8),(5,'Cathelicidin Antimicrobial peptide',4),(6,'Cholinergic receptor, nicotinic, beta 1',1),(7,'Copine III',3),(8,'Cortactin-binding protein 2 N-terminal like',6),(9,'Endoglucanase1',10),(10,'Erythropoietin receptor',20),(11,'Growth factor receptor-bound protein 10',21),(12,'Helicase-like transcription factor',19),(13,'Inositol polyphosphate-1-phosphatase',18),(14,'U6 snRNA-associated Sm-like protein',16),(15,'Mitogen-activated protein kinase 8',13),(16,'Prolyl 4-hydroxylase, beta polypeptide',12),(17,'Rab9 effector protein with kelch motifs',3),(18,'Retinoic acid receptor responder (tazarotene induced) 3.',11),(19,'Meiotic recombination protein, REC8 homolog',8),(20,'Small subunit (SSU) processome component',5),(21,'Chloride channel, nucleotide-sensitive, 1A',7),(22,'Fc fragment of IgG, low affinity IIIa, receptor (CD16A)',8),(23,'Periostin, osteoblast specific factor',9),(24,'Serum amyloid A1',14),(25,'Solute carrier family 37 (glycerol-3-phosphate transporter), member 1',17),(26,'Trefoil factor 1',15);
/*!40000 ALTER TABLE `GenesInteres` ENABLE KEYS */;
UNLOCK TABLES;

--
-- Table structure for table `Muestras`
--

DROP TABLE IF EXISTS `Muestras`;
/*!40101 SET @saved_cs_client     = @@character_set_client */;
/*!50503 SET character_set_client = utf8mb4 */;
CREATE TABLE `Muestras` (
  `id_muestras` int NOT NULL,
  `descripcion` varchar(200) NOT NULL,
  `fecha_recoleccion` date NOT NULL,
  `condiciones` varchar(200) DEFAULT NULL,
  `Pacientes_id_paciente` int NOT NULL,
  PRIMARY KEY (`id_muestras`,`Pacientes_id_paciente`),
  KEY `fk_Muestras_Pacientes1_idx` (`Pacientes_id_paciente`),
  CONSTRAINT `fk_Muestras_Pacientes1` FOREIGN KEY (`Pacientes_id_paciente`) REFERENCES `Pacientes` (`id_paciente`)
) ENGINE=InnoDB DEFAULT CHARSET=utf8mb3;
/*!40101 SET character_set_client = @saved_cs_client */;

--
-- Dumping data for table `Muestras`
--

LOCK TABLES `Muestras` WRITE;
/*!40000 ALTER TABLE `Muestras` DISABLE KEYS */;
INSERT INTO `Muestras` VALUES (1,'Muestra de tejido tumoral del paciente','2024-03-25','Tumor avanzado',1),(2,'Muestra de tejido tumoral del paciente','2024-03-26','Tumor en etapa inicial',2),(3,'Muestra de líquido pleural del paciente','2024-03-27','Tumor metastásico',3),(4,'Muestra de tejido mamario no afectado del paciente','2024-03-28','Control',4),(5,'Muestra de tejido tumoral del paciente','2024-03-29','Tumor avanzado',5),(6,'Muestra de tejido tumoral del paciente','2024-03-30','Tumor en etapa inicial',6),(7,'Muestra de tejido mamario no afectado del paciente','2024-03-31','Control',7),(8,'Muestra de líquido pleural del paciente','2024-04-01','Tumor metastásico',8),(9,'Muestra de tejido tumoral del paciente','2024-04-02','Tumor avanzado',9),(10,'Muestra de tejido mamario no afectado del paciente','2024-04-03','Control',10),(11,'Muestra de tejido tumoral del paciente','2024-04-04','Tumor en etapa inicial',11),(12,'Muestra de tejido tumoral del paciente','2024-04-05','Tumor avanzado',12),(13,'Muestra de tejido mamario no afectado del paciente','2024-04-06','Control',13),(14,'Muestra de líquido pleural del paciente','2024-04-07','Tumor metastásico',14),(15,'Muestra de tejido tumoral del paciente','2024-04-08','Tumor en etapa inicial',15),(16,'Muestra de tejido mamario no afectado del paciente','2024-04-09','Control',16),(17,'Muestra de líquido pleural del paciente','2024-04-10','Tumor metastásico',17),(18,'Muestra de tejido tumoral del paciente','2024-04-11','Tumor avanzado',18),(19,'Muestra de tejido mamario no afectado del paciente','2024-04-12','Control',19),(20,'Muestra de líquido pleural del paciente','2024-04-13','Tumor metastásico',20),(21,'Muestra de tejido tumoral del paciente','2024-04-14','Tumor en etapa inicial',21),(22,'Muestra de tejido mamario no afectado del paciente','2024-04-15','Control',22),(23,'Muestra de líquido pleural del paciente','2024-04-16','Tumor metastásico',23),(24,'Muestra de tejido tumoral del paciente','2024-04-17','Tumor avanzado',24),(25,'Muestra de tejido mamario no afectado del paciente','2024-04-18','Control',25),(26,'Muestra de líquido pleural del paciente','2024-04-19','Tumor metastásico',26),(27,'Muestra de tejido tumoral del paciente','2024-04-20','Tumor en etapa inicial',27),(28,'Muestra de tejido mamario no afectado del paciente','2024-04-21','Control',28),(29,'Muestra de líquido pleural del paciente','2024-04-22','Tumor metastásico',29),(30,'Muestra de tejido tumoral del paciente','2024-04-23','Tumor avanzado',30),(31,'Muestra de tejido mamario no afectado del paciente','2024-04-24','Control',31),(32,'Muestra de líquido pleural del paciente','2024-04-25','Tumor metastásico',32),(33,'Muestra de tejido tumoral del paciente','2024-04-26','Tumor en etapa inicial',33),(34,'Muestra de tejido mamario no afectado del paciente','2024-04-27','Control',34),(35,'Muestra de líquido pleural del paciente','2024-04-28','Tumor metastásico',35),(36,'Muestra de tejido tumoral del paciente','2024-04-29','Tumor avanzado',36),(37,'Muestra de tejido mamario no afectado del paciente','2024-04-30','Control',37),(38,'Muestra de líquido pleural del paciente','2024-05-01','Tumor metastásico',38),(39,'Muestra de tejido tumoral del paciente','2024-05-02','Tumor en etapa inicial',39),(40,'Muestra de tejido mamario no afectado del paciente','2024-05-03','Control',40),(41,'Muestra de líquido pleural del paciente','2024-05-04','Tumor metastásico',41),(42,'Muestra de tejido tumoral del paciente','2024-05-05','Tumor avanzado',42),(43,'Muestra de tejido mamario no afectado del paciente','2024-05-06','Control',43),(44,'Muestra de líquido pleural del paciente','2024-05-07','Tumor metastásico',44),(45,'Muestra de tejido tumoral del paciente','2024-05-08','Tumor en etapa inicial',45),(46,'Muestra de tejido mamario no afectado del paciente','2024-05-09','Control',46),(47,'Muestra de líquido pleural del paciente','2024-05-10','Tumor metastásico',47),(48,'Muestra de tejido tumoral del paciente','2024-05-11','Tumor avanzado',48),(49,'Muestra de tejido mamario no afectado del paciente','2024-05-12','Control',49),(50,'Muestra de líquido pleural del paciente','2024-05-13','Tumor metastásico',50),(51,'Muestra de tejido tumoral del paciente','2024-05-14','Tumor en etapa inicial',51),(52,'Muestra de tejido mamario no afectado del paciente','2024-05-15','Control',52),(53,'Muestra de líquido pleural del paciente','2024-05-16','Tumor metastásico',53),(54,'Muestra de tejido tumoral del paciente','2024-05-17','Tumor avanzado',54),(55,'Muestra de tejido mamario no afectado del paciente','2024-05-18','Control',55),(56,'Muestra de líquido pleural del paciente','2024-05-19','Tumor metastásico',56),(57,'Muestra de tejido tumoral del paciente','2024-05-20','Tumor en etapa inicial',57),(58,'Muestra de tejido mamario no afectado del paciente','2024-05-21','Control',58),(59,'Muestra de líquido pleural del paciente','2024-05-22','Tumor metastásico',59),(60,'Muestra de tejido tumoral del paciente','2024-05-23','Tumor avanzado',60),(61,'Muestra de tejido mamario no afectado del paciente','2024-05-24','Control',61),(62,'Muestra de líquido pleural del paciente','2024-05-25','Tumor metastásico',62),(63,'Muestra de tejido tumoral del paciente','2024-05-26','Tumor en etapa inicial',63),(64,'Muestra de tejido mamario no afectado del paciente','2024-05-27','Control',64),(65,'Muestra de líquido pleural del paciente','2024-05-28','Tumor metastásico',65),(66,'Muestra de tejido tumoral del paciente','2024-05-29','Tumor avanzado',66),(67,'Muestra de tejido mamario no afectado del paciente','2024-05-30','Control',67),(68,'Muestra de líquido pleural del paciente','2024-05-31','Tumor metastásico',68),(69,'Muestra de tejido tumoral del paciente','2024-06-01','Tumor en etapa inicial',69),(70,'Muestra de tejido mamario no afectado del paciente','2024-06-02','Control',70),(71,'Muestra de tejido tumoral del paciente','2024-06-03','Tumor avanzado',71),(72,'Muestra de tejido mamario no afectado del paciente','2024-06-04','Control',72),(73,'Muestra de líquido pleural del paciente','2024-06-05','Tumor metastásico',73),(74,'Muestra de tejido tumoral del paciente','2024-06-06','Tumor en etapa inicial',74),(75,'Muestra de tejido mamario no afectado del paciente','2024-06-07','Control',75),(76,'Muestra de líquido pleural del paciente','2024-06-08','Tumor metastásico',76),(77,'Muestra de tejido tumoral del paciente','2024-06-09','Tumor avanzado',77),(78,'Muestra de tejido mamario no afectado del paciente','2024-06-10','Control',78),(79,'Muestra de líquido pleural del paciente','2024-06-11','Tumor metastásico',79),(80,'Muestra de tejido tumoral del paciente','2024-06-12','Tumor en etapa inicial',80),(81,'Muestra de tejido mamario no afectado del paciente','2024-06-13','Control',81),(82,'Muestra de líquido pleural del paciente','2024-06-14','Tumor metastásico',82),(83,'Muestra de tejido tumoral del paciente','2024-06-15','Tumor avanzado',83),(84,'Muestra de tejido mamario no afectado del paciente','2024-06-16','Control',84),(85,'Muestra de líquido pleural del paciente','2024-06-17','Tumor metastásico',85),(86,'Muestra de tejido tumoral del paciente','2024-06-18','Tumor en etapa inicial',86),(87,'Muestra de tejido mamario no afectado del paciente','2024-06-19','Control',87),(88,'Muestra de líquido pleural del paciente','2024-06-20','Tumor metastásico',88),(89,'Muestra de tejido tumoral del paciente','2024-06-21','Tumor avanzado',89),(90,'Muestra de tejido mamario no afectado del paciente','2024-06-22','Control',90),(91,'Muestra de tejido tumoral del paciente','2024-06-23','Tumor en etapa inicial',91),(92,'Muestra de tejido mamario no afectado del paciente','2024-06-24','Control',92),(93,'Muestra de líquido pleural del paciente','2024-06-25','Tumor metastásico',93),(94,'Muestra de tejido tumoral del paciente','2024-06-26','Tumor avanzado',94),(95,'Muestra de tejido mamario no afectado del paciente','2024-06-27','Control',95),(96,'Muestra de líquido pleural del paciente','2024-06-28','Tumor metastásico',96),(97,'Muestra de tejido tumoral del paciente','2024-06-29','Tumor en etapa inicial',97),(98,'Muestra de tejido mamario no afectado del paciente','2024-06-30','Control',98),(99,'Muestra de líquido pleural del paciente','2024-07-01','Tumor metastásico',99),(100,'Muestra de tejido tumoral del paciente','2024-07-02','Tumor avanzado',100),(101,'Muestra de tejido mamario no afectado del paciente','2023-06-02','Control',101),(102,'Muestra de líquido pleural del paciente','2023-12-24','Tumor en etapa inicial',101),(103,'Muestra de tejido tumoral del paciente','2024-06-02','Tumor metastásico',101),(104,'Muestra de tejido tumoral del paciente','2024-06-01','Tumor avanzado',102),(105,'Muestra de sangre','2024-06-05','Control',102),(106,'Muestra de tejido mamario no afectado del paciente','2024-06-10','Control',102),(107,'Muestra de tejido tumoral del paciente','2024-06-02','Tumor avanzado',103),(108,'Muestra de saliva','2024-06-06','Control',103),(109,'Muestra de orina','2024-06-11','Control',103),(110,'Muestra de tejido tumoral del paciente','2024-06-03','Tumor avanzado',104),(111,'Muestra de líquido sinovial','2024-06-07','Control',104),(112,'Muestra de heces','2024-06-12','Control',104),(113,'Muestra de tejido tumoral del paciente','2024-06-04','Tumor avanzado',105),(114,'Muestra de líquido cefalorraquídeo','2024-06-08','Control',105),(115,'Muestra de saliva','2024-06-13','Control',105),(116,'Muestra de tejido tumoral del paciente','2024-06-05','Tumor avanzado',106),(117,'Muestra de orina','2024-06-09','Control',106),(118,'Muestra de sangre','2024-06-14','Control',106),(119,'Muestra de tejido tumoral del paciente','2024-06-06','Tumor avanzado',107),(120,'Muestra de líquido peritoneal','2024-06-10','Control',107),(121,'Muestra de tejido mamario no afectado del paciente','2024-06-15','Control',107),(122,'Muestra de tejido tumoral del paciente','2024-06-07','Tumor avanzado',108),(123,'Muestra de líquido pleural','2024-06-11','Control',108),(124,'Muestra de sangre','2024-06-16','Control',108),(125,'Muestra de tejido tumoral del paciente','2024-06-08','Tumor avanzado',110),(126,'Muestra de líquido sinovial','2024-06-12','Control',110),(127,'Muestra de saliva','2024-06-17','Control',110),(128,'Muestra de tejido tumoral del paciente','2024-06-09','Tumor avanzado',111),(129,'Muestra de orina','2024-06-13','Control',111),(130,'Muestra de tejido mamario no afectado del paciente','2024-06-18','Control',111),(131,'Muestra de tejido tumoral del paciente','2024-06-10','Tumor avanzado',112),(132,'Muestra de sangre','2024-06-14','Control',112),(133,'Muestra de tejido tumoral del paciente','2024-06-19','Control',112),(134,'Muestra de tejido tumoral del paciente','2024-06-11','Tumor avanzado',113),(135,'Muestra de tejido mamario no afectado del paciente','2024-06-15','Control',113),(136,'Muestra de saliva','2024-06-20','Control',113),(137,'Muestra de tejido tumoral del paciente','2024-06-12','Tumor avanzado',114),(138,'Muestra de líquido pleural','2024-06-16','Control',114),(139,'Muestra de tejido mamario no afectado del paciente','2024-06-21','Control',114),(140,'Muestra de tejido tumoral del paciente','2024-06-13','Tumor avanzado',115),(141,'Muestra de líquido sinovial','2024-06-17','Control',115),(142,'Muestra de saliva','2024-06-22','Control',115),(143,'Muestra de tejido tumoral del paciente','2024-06-14','Tumor avanzado',116),(144,'Muestra de líquido cefalorraquídeo','2024-06-18','Control',116),(145,'Muestra de sangre','2024-06-23','Control',116),(146,'Muestra de tejido tumoral del paciente','2024-06-15','Tumor avanzado',117),(147,'Muestra de líquido peritoneal','2024-06-19','Control',117),(148,'Muestra de tejido mamario no afectado del paciente','2024-06-24','Control',117),(149,'Muestra de tejido tumoral del paciente','2024-06-16','Tumor avanzado',118),(150,'Muestra de líquido pleural','2024-06-20','Control',118),(151,'Muestra de tejido mamario no afectado del paciente','2024-06-25','Control',118),(152,'Muestra de tejido tumoral del paciente','2024-06-17','Tumor avanzado',119),(153,'Muestra de orina','2024-06-21','Control',119),(154,'Muestra de saliva','2024-06-26','Control',119),(155,'Muestra de tejido tumoral del paciente','2024-06-18','Tumor avanzado',120),(156,'Muestra de tejido mamario no afectado del paciente','2024-06-22','Control',120),(157,'Muestra de sangre','2024-06-27','Control',120),(158,'Muestra de tejido tumoral del paciente','2024-06-19','Tumor avanzado',121),(159,'Muestra de líquido cefalorraquídeo','2024-06-23','Control',121),(160,'Muestra de tejido mamario no afectado del paciente','2024-06-28','Control',121),(161,'Muestra de tejido tumoral del paciente','2024-06-20','Tumor avanzado',122),(162,'Muestra de tejido mamario no afectado del paciente','2024-06-24','Control',122),(163,'Muestra de sangre','2024-06-29','Control',122),(164,'Muestra de tejido tumoral del paciente','2024-06-21','Tumor avanzado',123),(165,'Muestra de líquido sinovial','2024-06-25','Control',123),(166,'Muestra de saliva','2024-06-30','Control',123),(167,'Muestra de tejido tumoral del paciente','2024-06-22','Tumor avanzado',124),(168,'Muestra de orina','2024-06-26','Control',124),(169,'Muestra de tejido mamario no afectado del paciente','2024-07-01','Control',124),(170,'Muestra de tejido tumoral del paciente','2024-06-23','Tumor avanzado',125),(171,'Muestra de líquido peritoneal','2024-06-27','Control',125),(172,'Muestra de sangre','2024-07-02','Control',125),(173,'Muestra de tejido tumoral del paciente','2024-06-24','Tumor avanzado',126),(174,'Muestra de tejido mamario no afectado del paciente','2024-06-28','Control',126),(175,'Muestra de saliva','2024-07-03','Control',126),(176,'Muestra de tejido tumoral del paciente','2024-06-25','Tumor avanzado',127),(177,'Muestra de líquido sinovial','2024-06-29','Control',127),(178,'Muestra de orina','2024-07-04','Control',127),(179,'Muestra de tejido tumoral del paciente','2024-06-26','Tumor avanzado',128),(180,'Muestra de líquido cefalorraquídeo','2024-06-30','Control',128),(181,'Muestra de sangre','2024-07-05','Control',128),(182,'Muestra de tejido tumoral del paciente','2024-06-27','Tumor avanzado',129),(183,'Muestra de tejido mamario no afectado del paciente','2024-07-01','Control',129),(184,'Muestra de saliva','2024-07-06','Control',129),(185,'Muestra de tejido tumoral del paciente','2024-06-28','Tumor avanzado',130),(186,'Muestra de líquido pleural','2024-07-02','Control',130),(187,'Muestra de tejido mamario no afectado del paciente','2024-07-07','Control',130),(188,'Muestra de tejido tumoral del paciente','2024-06-29','Tumor avanzado',131),(189,'Muestra de orina','2024-07-03','Control',131),(190,'Muestra de saliva','2024-07-08','Control',131),(191,'Muestra de tejido tumoral del paciente','2024-06-30','Tumor avanzado',132),(192,'Muestra de líquido cefalorraquídeo','2024-07-04','Control',132),(193,'Muestra de sangre','2024-07-09','Control',132),(194,'Muestra de tejido tumoral del paciente','2024-07-01','Tumor avanzado',133),(195,'Muestra de líquido sinovial','2024-07-05','Control',133),(196,'Muestra de orina','2024-07-10','Control',133),(197,'Muestra de tejido tumoral del paciente','2024-07-02','Tumor avanzado',134),(198,'Muestra de líquido peritoneal','2024-07-06','Control',134),(199,'Muestra de tejido mamario no afectado del paciente','2024-07-11','Control',134),(200,'Muestra de tejido tumoral del paciente','2024-07-03','Tumor avanzado',135),(201,'Muestra de sangre','2024-07-07','Control',135),(202,'Muestra de saliva','2024-07-12','Control',135),(203,'Muestra de tejido tumoral del paciente','2024-07-04','Tumor avanzado',136),(204,'Muestra de líquido pleural','2024-07-08','Control',136),(205,'Muestra de tejido mamario no afectado del paciente','2024-07-13','Control',136),(206,'Muestra de tejido tumoral del paciente','2024-07-05','Tumor avanzado',137),(207,'Muestra de orina','2024-07-09','Control',137),(208,'Muestra de saliva','2024-07-14','Control',137),(209,'Muestra de tejido tumoral del paciente','2024-07-06','Tumor avanzado',138),(210,'Muestra de líquido cefalorraquídeo','2024-07-10','Control',138),(211,'Muestra de sangre','2024-07-15','Control',138),(212,'Muestra de tejido tumoral del paciente','2024-07-07','Tumor avanzado',139),(213,'Muestra de líquido sinovial','2024-07-11','Control',139),(214,'Muestra de orina','2024-07-16','Control',139),(215,'Muestra de tejido tumoral del paciente','2024-07-08','Tumor avanzado',140),(216,'Muestra de líquido peritoneal','2024-07-12','Control',140),(217,'Muestra de tejido mamario no afectado del paciente','2024-07-17','Control',140),(233,'Muestra de tejido tumoral del paciente','2024-07-14','Tumor avanzado',146),(234,'Muestra de líquido pleural','2024-07-18','Control',146),(235,'Muestra de tejido mamario no afectado del paciente','2024-07-23','Control',146),(236,'Muestra de tejido tumoral del paciente','2024-07-15','Tumor avanzado',147),(237,'Muestra de orina','2024-07-19','Control',147),(238,'Muestra de saliva','2024-07-24','Control',147),(239,'Muestra de tejido tumoral del paciente','2024-07-16','Tumor avanzado',148),(240,'Muestra de líquido cefalorraquídeo','2024-07-20','Control',148),(241,'Muestra de sangre','2024-07-25','Control',148),(242,'Muestra de tejido tumoral del paciente','2024-07-17','Tumor avanzado',149),(243,'Muestra de líquido sinovial','2024-07-21','Control',149),(244,'Muestra de orina','2024-07-26','Control',149),(245,'Muestra de tejido tumoral del paciente','2024-07-18','Tumor avanzado',150),(246,'Muestra de líquido peritoneal','2024-07-22','Control',150),(247,'Muestra de tejido mamario no afectado del paciente','2024-07-27','Control',150),(303,'Muestra de tejido tumoral del paciente','2024-07-04','Tumor avanzado',136),(304,'Muestra de líquido pleural','2024-07-08','Control',136),(305,'Muestra de tejido mamario no afectado del paciente','2024-07-13','Control',136),(306,'Muestra de tejido tumoral del paciente','2024-07-05','Tumor avanzado',137),(307,'Muestra de orina','2024-07-09','Control',137),(308,'Muestra de saliva','2024-07-14','Control',137),(309,'Muestra de tejido tumoral del paciente','2024-07-06','Tumor avanzado',138),(310,'Muestra de líquido cefalorraquídeo','2024-07-10','Control',138),(311,'Muestra de sangre','2024-07-15','Control',138),(312,'Muestra de tejido tumoral del paciente','2024-07-07','Tumor avanzado',139),(313,'Muestra de líquido sinovial','2024-07-11','Control',139),(314,'Muestra de orina','2024-07-16','Control',139),(315,'Muestra de tejido tumoral del paciente','2024-07-08','Tumor avanzado',140),(316,'Muestra de líquido peritoneal','2024-07-12','Control',140),(317,'Muestra de tejido mamario no afectado del paciente','2024-07-17','Control',140);
/*!40000 ALTER TABLE `Muestras` ENABLE KEYS */;
UNLOCK TABLES;

--
-- Table structure for table `Pacientes`
--

DROP TABLE IF EXISTS `Pacientes`;
/*!40101 SET @saved_cs_client     = @@character_set_client */;
/*!50503 SET character_set_client = utf8mb4 */;
CREATE TABLE `Pacientes` (
  `id_paciente` int NOT NULL,
  `nombre` varchar(45) NOT NULL,
  `apellidos` varchar(100) NOT NULL,
  `edad` int NOT NULL,
  `genero` enum('Masculino','Femenino','Otro') NOT NULL,
  PRIMARY KEY (`id_paciente`)
) ENGINE=InnoDB DEFAULT CHARSET=utf8mb3;
/*!40101 SET character_set_client = @saved_cs_client */;

--
-- Dumping data for table `Pacientes`
--

LOCK TABLES `Pacientes` WRITE;
/*!40000 ALTER TABLE `Pacientes` DISABLE KEYS */;
INSERT INTO `Pacientes` VALUES (1,'Pedro','García López',38,'Masculino'),(2,'María','Martínez Rodríguez',27,'Femenino'),(3,'Juan','Sánchez Pérez',45,'Masculino'),(4,'Ana','Gómez Martínez',33,'Femenino'),(5,'Luis','Hernández García',50,'Masculino'),(6,'Sofía','Fernández Rodríguez',22,'Femenino'),(7,'Diego','Díaz López',29,'Masculino'),(8,'Elena','Sanz Pérez',40,'Femenino'),(9,'Miguel','Ruiz Martínez',35,'Masculino'),(10,'Laura','González Rodríguez',28,'Femenino'),(11,'Alejandro','García Martínez',48,'Masculino'),(12,'Carmen','López Pérez',25,'Femenino'),(13,'Javier','Hernández Martínez',31,'Masculino'),(14,'Sara','Sánchez Rodríguez',42,'Femenino'),(15,'Daniel','Díaz García',30,'Masculino'),(16,'Paula','Fernández Pérez',37,'Femenino'),(17,'Carlos','Martínez López',26,'Masculino'),(18,'Silvia','Gómez Rodríguez',39,'Femenino'),(19,'Raul','García García',34,'Masculino'),(20,'Eva','Hernández Martínez',43,'Femenino'),(21,'Alvaro','Fernández Rodríguez',32,'Masculino'),(22,'Isabel','López Pérez',41,'Femenino'),(23,'Pablo','Gómez Martínez',29,'Masculino'),(24,'Natalia','Sanz Rodríguez',36,'Femenino'),(25,'Diego','Martínez García',44,'Masculino'),(26,'Marta','Hernández Pérez',23,'Femenino'),(27,'Adrian','González Martínez',46,'Masculino'),(28,'Lucia','Rodríguez López',31,'Femenino'),(29,'Alejandro','López Rodríguez',38,'Masculino'),(30,'Nerea','Sánchez Pérez',27,'Femenino'),(31,'Ruben','Martínez Martínez',49,'Masculino'),(32,'Lorena','Gómez López',24,'Femenino'),(33,'David','Fernández Rodríguez',33,'Masculino'),(34,'Miriam','Hernández García',35,'Femenino'),(35,'Juan','Martínez Rodríguez',30,'Masculino'),(36,'Nuria','García Martínez',42,'Femenino'),(37,'Hugo','López Pérez',28,'Masculino'),(38,'Irene','Sanz Rodríguez',41,'Femenino'),(39,'Oscar','Hernández Martínez',36,'Masculino'),(40,'Alicia','Gómez López',25,'Femenino'),(41,'Alberto','Martínez García',39,'Masculino'),(42,'Rocio','Sánchez Pérez',34,'Femenino'),(43,'Diego','García Rodríguez',48,'Masculino'),(44,'Cristina','López Martínez',26,'Femenino'),(45,'Pablo','Hernández Pérez',37,'Masculino'),(46,'Aitana','Martínez López',29,'Femenino'),(47,'Iker','Gómez Martínez',44,'Masculino'),(48,'Marta','Sanz Rodríguez',32,'Femenino'),(49,'Bruno','Hernández García',47,'Masculino'),(50,'Olivia','García Pérez',23,'Femenino'),(51,'Andrés','García López',39,'Masculino'),(52,'Sandra','Martínez Rodríguez',28,'Femenino'),(53,'Lorenzo','Sánchez Pérez',46,'Masculino'),(54,'Nerea','Gómez Martínez',34,'Femenino'),(55,'Rubén','Hernández García',51,'Masculino'),(56,'Laura','Fernández Rodríguez',23,'Femenino'),(57,'Alberto','Díaz López',30,'Masculino'),(58,'Nuria','Sanz Pérez',41,'Femenino'),(59,'Iván','Ruiz Martínez',36,'Masculino'),(60,'Lucía','González Rodríguez',29,'Femenino'),(61,'Adrián','García Martínez',47,'Otro'),(62,'Carmen','López Pérez',26,'Femenino'),(63,'Miguel','Hernández Martínez',32,'Masculino'),(64,'Sara','Sánchez Rodríguez',43,'Femenino'),(65,'Daniel','Díaz García',31,'Masculino'),(66,'Paula','Fernández Pérez',38,'Femenino'),(67,'Carlos','Martínez López',27,'Masculino'),(68,'Silvia','Gómez Rodríguez',40,'Femenino'),(69,'Raúl','García García',35,'Masculino'),(70,'Eva','Hernández Martínez',44,'Femenino'),(71,'Álvaro','Fernández Rodríguez',33,'Masculino'),(72,'Isabel','López Pérez',42,'Femenino'),(73,'Pablo','Gómez Martínez',30,'Masculino'),(74,'Natalia','Sanz Rodríguez',37,'Femenino'),(75,'Diego','Martínez García',45,'Masculino'),(76,'Marta','Hernández Pérez',24,'Femenino'),(77,'Adriana','González Martínez',46,'Masculino'),(78,'Lucía','Rodríguez López',32,'Femenino'),(79,'Alejandro','López Rodríguez',39,'Masculino'),(80,'Nerea','Sánchez Pérez',28,'Femenino'),(81,'Rubén','Martínez Martínez',50,'Masculino'),(82,'Lorena','Gómez López',25,'Femenino'),(83,'David','Fernández Rodríguez',34,'Masculino'),(84,'Miriam','Hernández García',36,'Femenino'),(85,'Juan','Martínez Rodríguez',31,'Masculino'),(86,'Nuria','García Martínez',43,'Femenino'),(87,'Hugo','López Pérez',29,'Masculino'),(88,'Irene','Sanz Rodríguez',42,'Femenino'),(89,'Óscar','Hernández Martínez',37,'Masculino'),(90,'Alicia','Gómez López',26,'Femenino'),(91,'Alberto','Martínez García',40,'Masculino'),(92,'Rocío','Sánchez Pérez',35,'Femenino'),(93,'Diego','García Rodríguez',49,'Masculino'),(94,'Cristina','López Martínez',27,'Femenino'),(95,'Pablo','Hernández Pérez',38,'Masculino'),(96,'Aitana','Martínez López',30,'Femenino'),(97,'Iker','Gómez Martínez',45,'Masculino'),(98,'Marta','Sanz Rodríguez',33,'Femenino'),(99,'Bruno','Hernández García',48,'Masculino'),(100,'Olivia','García Pérez',24,'Femenino'),(101,'Delcy','Gil Alvarez',50,'Femenino'),(102,'Juan','González',25,'Masculino'),(103,'María','López',30,'Femenino'),(104,'Pedro','Martínez',40,'Masculino'),(105,'Laura','García',35,'Femenino'),(106,'Carlos','Rodríguez',28,'Masculino'),(107,'Ana','Fernández',45,'Femenino'),(108,'Diego','Pérez',38,'Masculino'),(109,'Elena','Sánchez',33,'Femenino'),(110,'Manuel','Romero',50,'Masculino'),(111,'Sofía','Díaz',29,'Femenino'),(112,'Javier','Ruiz',42,'Masculino'),(113,'Lucía','Torres',31,'Femenino'),(114,'Alejandro','Flores',37,'Masculino'),(115,'Carmen','Vázquez',39,'Femenino'),(116,'Daniel','Gómez',32,'Masculino'),(117,'Rocío','Hernández',36,'Femenino'),(118,'Santiago','Jiménez',47,'Masculino'),(119,'Isabel','Moreno',41,'Femenino'),(120,'Pablo','Álvarez',34,'Masculino'),(121,'Natalia','Muñoz',48,'Femenino'),(122,'Francisco','Castro',43,'Masculino'),(123,'Victoria','Ortega',27,'Femenino'),(124,'Roberto','Santos',44,'Masculino'),(125,'Beatriz','Iglesias',46,'Femenino'),(126,'Antonio','Gutiérrez',49,'Masculino'),(127,'Eva','Navarro',26,'Femenino'),(128,'Miguel','Morales',51,'Masculino'),(129,'Cristina','Delgado',31,'Femenino'),(130,'José','Castillo',37,'Masculino'),(131,'Raquel','Ramírez',35,'Femenino'),(132,'Luis','Suárez',42,'Masculino'),(133,'Marina','Garrido',39,'Femenino'),(134,'Fernando','Prieto',48,'Masculino'),(135,'Clara','Molina',33,'Femenino'),(136,'Ángel','Benítez',46,'Masculino'),(137,'Lorena','Herrero',30,'Femenino'),(138,'Jorge','Pascual',40,'Masculino'),(139,'Miriam','León',38,'Femenino'),(140,'Adrián','Cabrera',45,'Masculino'),(141,'Sara','Cortés',29,'Femenino'),(142,'Roberto','Guerrero',52,'Masculino'),(143,'Alicia','Vega',31,'Femenino'),(144,'David','Blanco',36,'Masculino'),(145,'Patricia','Aguilar',43,'Femenino'),(146,'Ignacio','Moya',32,'Masculino'),(147,'Nerea','Vidal',41,'Femenino'),(148,'Diego','Navarro',50,'Masculino'),(149,'Nuria','Rojas',34,'Femenino'),(150,'Víctor','Esteban',47,'Masculino');
/*!40000 ALTER TABLE `Pacientes` ENABLE KEYS */;
UNLOCK TABLES;
/*!40103 SET TIME_ZONE=@OLD_TIME_ZONE */;

/*!40101 SET SQL_MODE=@OLD_SQL_MODE */;
/*!40014 SET FOREIGN_KEY_CHECKS=@OLD_FOREIGN_KEY_CHECKS */;
/*!40014 SET UNIQUE_CHECKS=@OLD_UNIQUE_CHECKS */;
/*!40101 SET CHARACTER_SET_CLIENT=@OLD_CHARACTER_SET_CLIENT */;
/*!40101 SET CHARACTER_SET_RESULTS=@OLD_CHARACTER_SET_RESULTS */;
/*!40101 SET COLLATION_CONNECTION=@OLD_COLLATION_CONNECTION */;
/*!40111 SET SQL_NOTES=@OLD_SQL_NOTES */;

-- Dump completed on 2024-06-04  1:17:57
